Date,Home Team,Away Team,Home Score,Away Score,Venue
Thu 21-Mar-2019,Carlton,Richmond,64,97,M.C.G.
Fri 22-Mar-2019,Collingwood,Geelong,65,72,M.C.G.
Sat 23-Mar-2019,Melbourne,Port Adelaide,61,87,M.C.G.
Sat 23-Mar-2019,Adelaide,Hawthorn,55,87,Adelaide Oval
Sat 23-Mar-2019,Western Bulldogs,Sydney,82,65,Docklands
Sat 23-Mar-2019,Brisbane Lions,West Coast,102,58,Gabba
Sun 24-Mar-2019,St Kilda,Gold Coast,85,84,Docklands
Sun 24-Mar-2019,Greater Western Sydney,Essendon,112,40,Sydney Showground
Sun 24-Mar-2019,Fremantle,North Melbourne,141,59,Perth Stadium
Thu 28-Mar-2019,Richmond,Collingwood,66,110,M.C.G.
Fri 29-Mar-2019,Sydney,Adelaide,62,88,S.C.G.
Sat 30-Mar-2019,Essendon,St Kilda,65,76,Docklands
Sat 30-Mar-2019,Port Adelaide,Carlton,88,72,Adelaide Oval
Sat 30-Mar-2019,Geelong,Melbourne,126,46,Kardinia Park
Sat 30-Mar-2019,West Coast,Greater Western Sydney,104,52,Perth Stadium
Sun 31-Mar-2019,North Melbourne,Brisbane Lions,87,107,Docklands
Sun 31-Mar-2019,Hawthorn,Western Bulldogs,87,106,M.C.G.
Sun 31-Mar-2019,Gold Coast,Fremantle,61,58,Carrara
Thu 04-Apr-2019,Adelaide,Geelong,75,99,Adelaide Oval
Fri 05-Apr-2019,Melbourne,Essendon,112,130,M.C.G.
Sat 06-Apr-2019,Carlton,Sydney,74,93,Docklands
Sat 06-Apr-2019,Greater Western Sydney,Richmond,125,76,Sydney Showground
Sat 06-Apr-2019,Brisbane Lions,Port Adelaide,107,90,Gabba
Sat 06-Apr-2019,Collingwood,West Coast,76,98,M.C.G.
Sun 07-Apr-2019,Western Bulldogs,Gold Coast,68,73,Docklands
Sun 07-Apr-2019,Hawthorn,North Melbourne,87,71,M.C.G.
Sun 07-Apr-2019,Fremantle,St Kilda,71,66,Perth Stadium
Thu 11-Apr-2019,Sydney,Melbourne,78,100,S.C.G.
Fri 12-Apr-2019,Collingwood,Western Bulldogs,78,64,M.C.G.
Sat 13-Apr-2019,Geelong,Greater Western Sydney,75,79,Kardinia Park
Sat 13-Apr-2019,Essendon,Brisbane Lions,112,65,M.C.G.
Sat 13-Apr-2019,Port Adelaide,Richmond,92,99,Adelaide Oval
Sat 13-Apr-2019,North Melbourne,Adelaide,71,59,Docklands
Sat 13-Apr-2019,West Coast,Fremantle,69,56,Perth Stadium
Sun 14-Apr-2019,Gold Coast,Carlton,59,57,Carrara
Sun 14-Apr-2019,St Kilda,Hawthorn,74,69,Docklands
Thu 18-Apr-2019,Brisbane Lions,Collingwood,61,123,Gabba
Fri 19-Apr-2019,North Melbourne,Essendon,58,116,Docklands
Fri 19-Apr-2019,West Coast,Port Adelaide,53,95,Perth Stadium
Sat 20-Apr-2019,Greater Western Sydney,Fremantle,82,106,Manuka Oval
Sat 20-Apr-2019,Melbourne,St Kilda,55,95,M.C.G.
Sat 20-Apr-2019,Richmond,Sydney,89,67,Docklands
Sun 21-Apr-2019,Western Bulldogs,Carlton,57,101,Docklands
Sun 21-Apr-2019,Adelaide,Gold Coast,119,46,Adelaide Oval
Mon 22-Apr-2019,Hawthorn,Geelong,90,113,M.C.G.
Wed 24-Apr-2019,Richmond,Melbourne,85,42,M.C.G.
Thu 25-Apr-2019,Essendon,Collingwood,69,73,M.C.G.
Fri 26-Apr-2019,Port Adelaide,North Melbourne,88,72,Adelaide Oval
Sat 27-Apr-2019,Gold Coast,Brisbane Lions,62,111,Carrara
Sat 27-Apr-2019,St Kilda,Adelaide,68,97,Docklands
Sat 27-Apr-2019,Sydney,Greater Western Sydney,79,120,S.C.G.
Sat 27-Apr-2019,Fremantle,Western Bulldogs,88,69,Perth Stadium
Sun 28-Apr-2019,Hawthorn,Carlton,93,88,York Park
Sun 28-Apr-2019,Geelong,West Coast,104,46,Kardinia Park
Fri 03-May-2019,Collingwood,Port Adelaide,108,69,Docklands
Sat 04-May-2019,Melbourne,Hawthorn,79,74,M.C.G.
Sat 04-May-2019,Greater Western Sydney,St Kilda,114,70,Manuka Oval
Sat 04-May-2019,Brisbane Lions,Sydney,103,81,Gabba
Sat 04-May-2019,Western Bulldogs,Richmond,99,52,Docklands
Sat 04-May-2019,West Coast,Gold Coast,80,57,Perth Stadium
Sun 05-May-2019,Carlton,North Melbourne,62,120,Docklands
Sun 05-May-2019,Geelong,Essendon,86,54,M.C.G.
Sun 05-May-2019,Adelaide,Fremantle,51,34,Adelaide Oval
Fri 10-May-2019,Sydney,Essendon,77,72,S.C.G.
Sat 11-May-2019,Carlton,Collingwood,87,106,M.C.G.
Sat 11-May-2019,Western Bulldogs,Brisbane Lions,92,76,Eureka Stadium
Sat 11-May-2019,Gold Coast,Melbourne,60,61,Carrara
Sat 11-May-2019,St Kilda,West Coast,70,88,Docklands
Sat 11-May-2019,Port Adelaide,Adelaide,68,88,Adelaide Oval
Sun 12-May-2019,North Melbourne,Geelong,80,104,Docklands
Sun 12-May-2019,Hawthorn,Greater Western Sydney,71,38,M.C.G.
Sun 12-May-2019,Fremantle,Richmond,86,111,Perth Stadium
Fri 17-May-2019,West Coast,Melbourne,85,69,Perth Stadium
Sat 18-May-2019,Collingwood,St Kilda,112,71,M.C.G.
Sat 18-May-2019,Brisbane Lions,Adelaide,93,92,Gabba
Sat 18-May-2019,Geelong,Western Bulldogs,133,89,Kardinia Park
Sat 18-May-2019,Essendon,Fremantle,60,53,Docklands
Sat 18-May-2019,North Melbourne,Sydney,72,77,Bellerive Oval
Sun 19-May-2019,Port Adelaide,Gold Coast,89,51,Adelaide Oval
Sun 19-May-2019,Richmond,Hawthorn,95,59,M.C.G.
Sun 19-May-2019,Greater Western Sydney,Carlton,138,45,Sydney Showground
Fri 24-May-2019,Sydney,Collingwood,73,80,S.C.G.
Sat 25-May-2019,Hawthorn,Port Adelaide,80,49,York Park
Sat 25-May-2019,Western Bulldogs,North Melbourne,90,115,Docklands
Sat 25-May-2019,Adelaide,West Coast,73,85,Adelaide Oval
Sat 25-May-2019,Richmond,Essendon,73,50,M.C.G.
Sat 25-May-2019,Gold Coast,Geelong,64,91,Carrara
Sun 26-May-2019,Melbourne,Greater Western Sydney,68,94,M.C.G.
Sun 26-May-2019,St Kilda,Carlton,68,55,Docklands
Sun 26-May-2019,Fremantle,Brisbane Lions,73,72,Perth Stadium
Fri 31-May-2019,North Melbourne,Richmond,99,62,Docklands
Sat 01-Jun-2019,Collingwood,Fremantle,75,79,M.C.G.
Sat 01-Jun-2019,Greater Western Sydney,Gold Coast,126,43,Sydney Showground
Sat 01-Jun-2019,Geelong,Sydney,85,63,Kardinia Park
Sat 01-Jun-2019,Brisbane Lions,Hawthorn,85,66,Gabba
Sat 01-Jun-2019,Melbourne,Adelaide,88,90,Marrara Oval
Sun 02-Jun-2019,St Kilda,Port Adelaide,69,139,Jiangwan Stadium
Sun 02-Jun-2019,Essendon,Carlton,74,33,M.C.G.
Sun 02-Jun-2019,West Coast,Western Bulldogs,133,72,Perth Stadium
Fri 07-Jun-2019,Richmond,Geelong,37,104,M.C.G.
Sat 08-Jun-2019,Carlton,Brisbane Lions,78,63,Docklands
Sat 08-Jun-2019,Gold Coast,North Melbourne,72,99,Carrara
Sat 08-Jun-2019,Adelaide,Greater Western Sydney,82,61,Adelaide Oval
Sun 09-Jun-2019,Sydney,West Coast,116,71,S.C.G.
Mon 10-Jun-2019,Collingwood,Melbourne,98,57,M.C.G.
Thu 13-Jun-2019,Adelaide,Richmond,101,68,Adelaide Oval
Fri 14-Jun-2019,Essendon,Hawthorn,96,77,Docklands
Sat 15-Jun-2019,Gold Coast,St Kilda,76,80,Riverway Stadium
Sat 15-Jun-2019,Fremantle,Port Adelaide,100,79,Perth Stadium
Sat 15-Jun-2019,Carlton,Western Bulldogs,100,103,Docklands
Sun 16-Jun-2019,North Melbourne,Greater Western Sydney,68,91,Bellerive Oval
Thu 20-Jun-2019,West Coast,Essendon,106,71,Perth Stadium
Fri 21-Jun-2019,Sydney,Hawthorn,82,63,S.C.G.
Sat 22-Jun-2019,Melbourne,Fremantle,85,71,M.C.G.
Sat 22-Jun-2019,St Kilda,Brisbane Lions,59,115,Docklands
Sat 22-Jun-2019,Port Adelaide,Geelong,67,56,Adelaide Oval
Sun 23-Jun-2019,Western Bulldogs,Collingwood,73,82,Docklands
Thu 27-Jun-2019,Essendon,Greater Western Sydney,77,71,Docklands
Fri 28-Jun-2019,Geelong,Adelaide,96,69,Kardinia Park
Sat 29-Jun-2019,Hawthorn,West Coast,71,77,M.C.G.
Sat 29-Jun-2019,Sydney,Gold Coast,93,51,S.C.G.
Sat 29-Jun-2019,Collingwood,North Melbourne,37,81,Docklands
Sat 29-Jun-2019,Port Adelaide,Western Bulldogs,41,66,Adelaide Oval
Sun 30-Jun-2019,St Kilda,Richmond,70,103,Docklands
Sun 30-Jun-2019,Brisbane Lions,Melbourne,107,74,Gabba
Sun 30-Jun-2019,Fremantle,Carlton,75,79,Perth Stadium
Fri 05-Jul-2019,Hawthorn,Collingwood,67,63,M.C.G.
Sat 06-Jul-2019,Essendon,Sydney,76,66,M.C.G.
Sat 06-Jul-2019,Gold Coast,Richmond,58,150,Carrara
Sat 06-Jul-2019,Adelaide,Port Adelaide,44,101,Adelaide Oval
Sat 06-Jul-2019,Western Bulldogs,Geelong,71,55,Docklands
Sat 06-Jul-2019,Fremantle,West Coast,31,122,Perth Stadium
Sun 07-Jul-2019,Carlton,Melbourne,100,105,M.C.G.
Sun 07-Jul-2019,North Melbourne,St Kilda,112,73,Bellerive Oval
Sun 07-Jul-2019,Greater Western Sydney,Brisbane Lions,74,94,Sydney Showground
Fri 12-Jul-2019,West Coast,Collingwood,77,78,Perth Stadium
Sat 13-Jul-2019,Sydney,Carlton,62,69,S.C.G.
Sat 13-Jul-2019,Hawthorn,Fremantle,84,53,York Park
Sat 13-Jul-2019,Essendon,North Melbourne,86,81,Docklands
Sat 13-Jul-2019,Gold Coast,Adelaide,56,151,Carrara
Sat 13-Jul-2019,Geelong,St Kilda,84,57,Kardinia Park
Sun 14-Jul-2019,Richmond,Greater Western Sydney,94,67,M.C.G.
Sun 14-Jul-2019,Western Bulldogs,Melbourne,74,66,Docklands
Sun 14-Jul-2019,Port Adelaide,Brisbane Lions,49,97,Adelaide Oval
Fri 19-Jul-2019,Adelaide,Essendon,75,96,Adelaide Oval
Sat 20-Jul-2019,Richmond,Port Adelaide,101,63,M.C.G.
Sat 20-Jul-2019,Carlton,Gold Coast,99,75,Docklands
Sat 20-Jul-2019,Greater Western Sydney,Collingwood,122,75,Sydney Showground
Sat 20-Jul-2019,Brisbane Lions,North Melbourne,87,75,Gabba
Sat 20-Jul-2019,Fremantle,Sydney,52,51,Perth Stadium
Sun 21-Jul-2019,Geelong,Hawthorn,61,85,M.C.G.
Sun 21-Jul-2019,Melbourne,West Coast,78,91,Traeger Park
Sun 21-Jul-2019,St Kilda,Western Bulldogs,116,89,Docklands
Fri 26-Jul-2019,Collingwood,Richmond,66,98,M.C.G.
Sat 27-Jul-2019,Hawthorn,Brisbane Lions,60,87,York Park
Sat 27-Jul-2019,Carlton,Adelaide,87,60,M.C.G.
Sat 27-Jul-2019,West Coast,North Melbourne,121,72,Perth Stadium
Sat 27-Jul-2019,St Kilda,Melbourne,104,85,Docklands
Sat 27-Jul-2019,Port Adelaide,Greater Western Sydney,55,56,Adelaide Oval
Sun 28-Jul-2019,Western Bulldogs,Fremantle,113,66,Docklands
Sun 28-Jul-2019,Sydney,Geelong,80,107,S.C.G.
Sun 28-Jul-2019,Gold Coast,Essendon,96,106,Carrara
Fri 02-Aug-2019,North Melbourne,Hawthorn,86,64,Docklands
Sat 03-Aug-2019,Essendon,Port Adelaide,67,126,Docklands
Sat 03-Aug-2019,Greater Western Sydney,Sydney,83,81,Sydney Showground
Sat 03-Aug-2019,Fremantle,Geelong,95,61,Perth Stadium
Sat 03-Aug-2019,Melbourne,Richmond,60,93,M.C.G.
Sat 03-Aug-2019,Adelaide,St Kilda,92,70,Adelaide Oval
Sun 04-Aug-2019,Collingwood,Gold Coast,120,51,M.C.G.
Sun 04-Aug-2019,Carlton,West Coast,75,99,Docklands
Sun 04-Aug-2019,Brisbane Lions,Western Bulldogs,98,80,Gabba
Fri 09-Aug-2019,Greater Western Sydney,Hawthorn,29,85,Manuka Oval
Sat 10-Aug-2019,Melbourne,Collingwood,53,70,M.C.G.
Sat 10-Aug-2019,Port Adelaide,Sydney,103,56,Adelaide Oval
Sat 10-Aug-2019,Brisbane Lions,Gold Coast,144,53,Gabba
Sat 10-Aug-2019,Essendon,Western Bulldogs,33,137,Docklands
Sat 10-Aug-2019,Geelong,North Melbourne,69,14,Kardinia Park
Sun 11-Aug-2019,St Kilda,Fremantle,72,69,Docklands
Sun 11-Aug-2019,Richmond,Carlton,73,45,M.C.G.
Sun 11-Aug-2019,West Coast,Adelaide,90,80,Perth Stadium
Fri 16-Aug-2019,Melbourne,Sydney,42,95,M.C.G.
Sat 17-Aug-2019,Carlton,St Kilda,78,68,M.C.G.
Sat 17-Aug-2019,Brisbane Lions,Geelong,75,74,Gabba
Sat 17-Aug-2019,Adelaide,Collingwood,48,114,Adelaide Oval
Sat 17-Aug-2019,North Melbourne,Port Adelaide,144,58,Docklands
Sat 17-Aug-2019,Fremantle,Essendon,55,87,Perth Stadium
Sun 18-Aug-2019,Richmond,West Coast,88,82,M.C.G.
Sun 18-Aug-2019,Greater Western Sydney,Western Bulldogs,65,126,Sydney Showground
Sun 18-Aug-2019,Hawthorn,Gold Coast,118,48,Docklands
Fri 23-Aug-2019,Collingwood,Essendon,76,65,M.C.G.
Sat 24-Aug-2019,Sydney,St Kilda,109,64,S.C.G.
Sat 24-Aug-2019,North Melbourne,Melbourne,88,83,Bellerive Oval
Sat 24-Aug-2019,Geelong,Carlton,129,61,Kardinia Park
Sat 24-Aug-2019,Gold Coast,Greater Western Sydney,55,127,Carrara
Sat 24-Aug-2019,West Coast,Hawthorn,67,105,Perth Stadium
Sun 25-Aug-2019,Western Bulldogs,Adelaide,121,87,Eureka Stadium
Sun 25-Aug-2019,Richmond,Brisbane Lions,82,55,M.C.G.
Sun 25-Aug-2019,Port Adelaide,Fremantle,110,67,Adelaide Oval
Thu 05-Sep-2019,West Coast,Essendon,116,61,Perth Stadium
Fri 06-Sep-2019,Geelong,Collingwood,51,61,M.C.G.
Sat 07-Sep-2019,Greater Western Sydney,Western Bulldogs,113,55,Sydney Showground
Sat 07-Sep-2019,Brisbane Lions,Richmond,65,112,Gabba
Fri 13-Sep-2019,Geelong,West Coast,88,68,M.C.G.
Sat 14-Sep-2019,Brisbane Lions,Greater Western Sydney,80,83,Gabba
Fri 20-Sep-2019,Richmond,Geelong,85,66,M.C.G.
Sat 21-Sep-2019,Collingwood,Greater Western Sydney,52,56,M.C.G.
Sat 28-Sep-2019,Richmond,Greater Western Sydney,114,25,M.C.G.
