Date,Home Team,Away Team,Home Score,Away Score,Venue
Wed 16-Mar-2022,Melbourne,Western Bulldogs,97,71,M.C.G.
Thu 17-Mar-2022,Carlton,Richmond,101,76,M.C.G.
Fri 18-Mar-2022,St Kilda,Collingwood,85,102,Docklands
Sat 19-Mar-2022,Geelong,Essendon,138,72,M.C.G.
Sat 19-Mar-2022,Greater Western Sydney,Sydney,92,112,Stadium Australia
Sat 19-Mar-2022,Brisbane Lions,Port Adelaide,80,69,Gabba
Sun 20-Mar-2022,Hawthorn,North Melbourne,78,58,M.C.G.
Sun 20-Mar-2022,Adelaide,Fremantle,82,83,Adelaide Oval
Sun 20-Mar-2022,West Coast,Gold Coast,80,107,Perth Stadium
Thu 24-Mar-2022,Western Bulldogs,Carlton,90,102,Docklands
Fri 25-Mar-2022,Sydney,Geelong,107,77,S.C.G.
Sat 26-Mar-2022,Collingwood,Adelaide,100,58,M.C.G.
Sat 26-Mar-2022,Essendon,Brisbane Lions,75,97,Docklands
Sat 26-Mar-2022,Port Adelaide,Hawthorn,56,120,Adelaide Oval
Sat 26-Mar-2022,Gold Coast,Melbourne,69,82,Carrara
Sun 27-Mar-2022,North Melbourne,West Coast,74,59,Docklands
Sun 27-Mar-2022,Richmond,Greater Western Sydney,109,73,M.C.G.
Sun 27-Mar-2022,Fremantle,St Kilda,55,65,Perth Stadium
Thu 31-Mar-2022,Western Bulldogs,Sydney,71,60,Docklands
Fri 01-Apr-2022,Melbourne,Essendon,99,70,M.C.G.
Fri 01-Apr-2022,Adelaide,Port Adelaide,96,92,Adelaide Oval
Sat 02-Apr-2022,Greater Western Sydney,Gold Coast,83,57,Sydney Showground
Sat 02-Apr-2022,Collingwood,Geelong,91,104,M.C.G.
Sat 02-Apr-2022,Brisbane Lions,North Melbourne,156,48,Gabba
Sun 03-Apr-2022,Carlton,Hawthorn,74,73,M.C.G.
Sun 03-Apr-2022,St Kilda,Richmond,117,84,Docklands
Sun 03-Apr-2022,West Coast,Fremantle,47,102,Perth Stadium
Thu 07-Apr-2022,Port Adelaide,Melbourne,36,68,Adelaide Oval
Fri 08-Apr-2022,Geelong,Brisbane Lions,80,70,Kardinia Park
Sat 09-Apr-2022,Sydney,North Melbourne,86,75,S.C.G.
Sat 09-Apr-2022,Collingwood,West Coast,74,87,Docklands
Sat 09-Apr-2022,Fremantle,Greater Western Sydney,88,54,Perth Stadium
Sat 09-Apr-2022,Richmond,Western Bulldogs,99,61,M.C.G.
Sun 10-Apr-2022,Essendon,Adelaide,103,99,Docklands
Sun 10-Apr-2022,Hawthorn,St Kilda,73,142,M.C.G.
Sun 10-Apr-2022,Gold Coast,Carlton,92,62,Carrara
Thu 14-Apr-2022,Brisbane Lions,Collingwood,98,91,Gabba
Fri 15-Apr-2022,North Melbourne,Western Bulldogs,71,139,Docklands
Fri 15-Apr-2022,West Coast,Sydney,58,121,Perth Stadium
Sat 16-Apr-2022,St Kilda,Gold Coast,87,61,Docklands
Sat 16-Apr-2022,Adelaide,Richmond,101,82,Adelaide Oval
Sat 16-Apr-2022,Melbourne,Greater Western Sydney,120,53,M.C.G.
Sun 17-Apr-2022,Carlton,Port Adelaide,94,91,M.C.G.
Sun 17-Apr-2022,Essendon,Fremantle,59,107,Docklands
Mon 18-Apr-2022,Hawthorn,Geelong,92,80,M.C.G.
Fri 22-Apr-2022,Greater Western Sydney,St Kilda,60,77,Manuka Oval
Sat 23-Apr-2022,Western Bulldogs,Adelaide,62,63,Eureka Stadium
Sat 23-Apr-2022,Port Adelaide,West Coast,117,33,Adelaide Oval
Sat 23-Apr-2022,Fremantle,Carlton,97,62,Perth Stadium
Sun 24-Apr-2022,North Melbourne,Geelong,61,121,Bellerive Oval
Sun 24-Apr-2022,Gold Coast,Brisbane Lions,80,132,Carrara
Sun 24-Apr-2022,Richmond,Melbourne,54,76,M.C.G.
Mon 25-Apr-2022,Hawthorn,Sydney,68,109,York Park
Mon 25-Apr-2022,Essendon,Collingwood,82,93,M.C.G.
Fri 29-Apr-2022,West Coast,Richmond,56,165,Perth Stadium
Sat 30-Apr-2022,Geelong,Fremantle,66,69,Kardinia Park
Sat 30-Apr-2022,Adelaide,Greater Western Sydney,54,113,Adelaide Oval
Sat 30-Apr-2022,Melbourne,Hawthorn,91,81,M.C.G.
Sat 30-Apr-2022,Carlton,North Melbourne,114,64,Docklands
Sat 30-Apr-2022,St Kilda,Port Adelaide,42,43,Cazaly's Stadium
Sun 01-May-2022,Collingwood,Gold Coast,115,90,M.C.G.
Sun 01-May-2022,Western Bulldogs,Essendon,103,71,Docklands
Sun 01-May-2022,Sydney,Brisbane Lions,89,113,S.C.G.
Fri 06-May-2022,Port Adelaide,Western Bulldogs,86,69,Adelaide Oval
Fri 06-May-2022,Fremantle,North Melbourne,102,24,Perth Stadium
Sat 07-May-2022,Richmond,Collingwood,113,86,M.C.G.
Sat 07-May-2022,Sydney,Gold Coast,61,75,S.C.G.
Sat 07-May-2022,Greater Western Sydney,Geelong,35,88,Manuka Oval
Sat 07-May-2022,Essendon,Hawthorn,108,81,Docklands
Sat 07-May-2022,Brisbane Lions,West Coast,105,30,Gabba
Sun 08-May-2022,Melbourne,St Kilda,93,55,M.C.G.
Sun 08-May-2022,Carlton,Adelaide,116,68,Docklands
Fri 13-May-2022,Collingwood,Western Bulldogs,51,99,Docklands
Sat 14-May-2022,Hawthorn,Richmond,94,117,M.C.G.
Sat 14-May-2022,North Melbourne,Port Adelaide,46,115,Bellerive Oval
Sat 14-May-2022,St Kilda,Geelong,90,80,Docklands
Sat 14-May-2022,Sydney,Essendon,105,47,S.C.G.
Sat 14-May-2022,Adelaide,Brisbane Lions,66,102,Adelaide Oval
Sun 15-May-2022,Gold Coast,Fremantle,69,33,Carrara
Sun 15-May-2022,Greater Western Sydney,Carlton,75,105,Sydney Showground
Sun 15-May-2022,West Coast,Melbourne,38,112,Perth Stadium
Fri 20-May-2022,Carlton,Sydney,102,87,Docklands
Sat 21-May-2022,Western Bulldogs,Gold Coast,106,87,Eureka Stadium
Sat 21-May-2022,Geelong,Port Adelaide,82,47,Kardinia Park
Sat 21-May-2022,North Melbourne,Melbourne,53,100,Docklands
Sat 21-May-2022,Adelaide,St Kilda,69,90,Adelaide Oval
Sat 21-May-2022,Richmond,Essendon,80,48,M.C.G.
Sun 22-May-2022,Greater Western Sydney,West Coast,138,86,Sydney Showground
Sun 22-May-2022,Hawthorn,Brisbane Lions,117,112,York Park
Sun 22-May-2022,Fremantle,Collingwood,44,80,Perth Stadium
Fri 27-May-2022,Sydney,Richmond,106,100,S.C.G.
Sat 28-May-2022,Geelong,Adelaide,97,55,Kardinia Park
Sat 28-May-2022,Brisbane Lions,Greater Western Sydney,110,96,Gabba
Sat 28-May-2022,Melbourne,Fremantle,56,94,M.C.G.
Sat 28-May-2022,West Coast,Western Bulldogs,60,161,Perth Stadium
Sat 28-May-2022,Gold Coast,Hawthorn,121,54,Marrara Oval
Sun 29-May-2022,St Kilda,North Melbourne,103,50,Docklands
Sun 29-May-2022,Collingwood,Carlton,79,75,M.C.G.
Sun 29-May-2022,Port Adelaide,Essendon,66,50,Adelaide Oval
Fri 03-Jun-2022,Western Bulldogs,Geelong,70,83,Docklands
Sat 04-Jun-2022,Adelaide,West Coast,88,57,Adelaide Oval
Sat 04-Jun-2022,Gold Coast,North Melbourne,109,47,Marrara Oval
Sat 04-Jun-2022,Melbourne,Sydney,61,73,M.C.G.
Sun 05-Jun-2022,Hawthorn,Collingwood,68,72,M.C.G.
Sun 05-Jun-2022,Fremantle,Brisbane Lions,99,85,Perth Stadium
Thu 09-Jun-2022,Richmond,Port Adelaide,77,65,M.C.G.
Fri 10-Jun-2022,Essendon,Carlton,54,80,M.C.G.
Sat 11-Jun-2022,Fremantle,Hawthorn,95,82,Perth Stadium
Sat 11-Jun-2022,Brisbane Lions,St Kilda,78,57,Gabba
Sun 12-Jun-2022,North Melbourne,Greater Western Sydney,53,102,Docklands
Mon 13-Jun-2022,Collingwood,Melbourne,82,56,M.C.G.
Thu 16-Jun-2022,Richmond,Carlton,81,66,M.C.G.
Fri 17-Jun-2022,St Kilda,Essendon,72,107,Docklands
Sat 18-Jun-2022,Port Adelaide,Sydney,82,59,Adelaide Oval
Sat 18-Jun-2022,West Coast,Geelong,63,81,Perth Stadium
Sat 18-Jun-2022,Greater Western Sydney,Western Bulldogs,105,125,Sydney Showground
Sun 19-Jun-2022,Gold Coast,Adelaide,116,73,Carrara
Thu 23-Jun-2022,Melbourne,Brisbane Lions,117,53,M.C.G.
Fri 24-Jun-2022,Western Bulldogs,Hawthorn,125,83,Docklands
Fri 24-Jun-2022,West Coast,Essendon,107,97,Perth Stadium
Sat 25-Jun-2022,Carlton,Fremantle,81,50,Docklands
Sat 25-Jun-2022,Geelong,Richmond,89,86,M.C.G.
Sat 25-Jun-2022,Sydney,St Kilda,83,32,S.C.G.
Sun 26-Jun-2022,North Melbourne,Adelaide,58,115,Bellerive Oval
Sun 26-Jun-2022,Collingwood,Greater Western Sydney,88,77,M.C.G.
Sun 26-Jun-2022,Port Adelaide,Gold Coast,93,91,Adelaide Oval
Thu 30-Jun-2022,Brisbane Lions,Western Bulldogs,108,67,Gabba
Fri 01-Jul-2022,Carlton,St Kilda,78,93,Docklands
Sat 02-Jul-2022,Essendon,Sydney,95,86,M.C.G.
Sat 02-Jul-2022,Adelaide,Melbourne,65,94,Adelaide Oval
Sat 02-Jul-2022,Gold Coast,Collingwood,62,67,Carrara
Sat 02-Jul-2022,Geelong,North Melbourne,144,32,Kardinia Park
Sun 03-Jul-2022,Richmond,West Coast,128,93,M.C.G.
Sun 03-Jul-2022,Greater Western Sydney,Hawthorn,72,50,Sydney Showground
Sun 03-Jul-2022,Fremantle,Port Adelaide,99,91,Perth Stadium
Thu 07-Jul-2022,Geelong,Melbourne,91,63,Kardinia Park
Fri 08-Jul-2022,Sydney,Western Bulldogs,120,67,S.C.G.
Sat 09-Jul-2022,Collingwood,North Melbourne,88,81,M.C.G.
Sat 09-Jul-2022,Gold Coast,Richmond,94,92,Carrara
Sat 09-Jul-2022,St Kilda,Fremantle,70,111,Docklands
Sat 09-Jul-2022,Port Adelaide,Greater Western Sydney,84,29,Adelaide Oval
Sun 10-Jul-2022,Brisbane Lions,Essendon,90,100,Gabba
Sun 10-Jul-2022,Hawthorn,Adelaide,86,54,Docklands
Sun 10-Jul-2022,West Coast,Carlton,53,116,Perth Stadium
Fri 15-Jul-2022,Western Bulldogs,St Kilda,84,56,Docklands
Sat 16-Jul-2022,Adelaide,Collingwood,86,91,Adelaide Oval
Sat 16-Jul-2022,Greater Western Sydney,Brisbane Lions,59,99,Manuka Oval
Sat 16-Jul-2022,North Melbourne,Richmond,92,88,Docklands
Sat 16-Jul-2022,Carlton,Geelong,55,85,M.C.G.
Sat 16-Jul-2022,Fremantle,Sydney,65,82,Perth Stadium
Sun 17-Jul-2022,Hawthorn,West Coast,102,77,M.C.G.
Sun 17-Jul-2022,Melbourne,Port Adelaide,83,69,Traeger Park
Sun 17-Jul-2022,Essendon,Gold Coast,103,55,Docklands
Fri 22-Jul-2022,Richmond,Fremantle,52,52,Docklands
Sat 23-Jul-2022,Sydney,Adelaide,118,85,S.C.G.
Sat 23-Jul-2022,North Melbourne,Hawthorn,75,121,Bellerive Oval
Sat 23-Jul-2022,Port Adelaide,Geelong,94,106,Adelaide Oval
Sat 23-Jul-2022,Brisbane Lions,Gold Coast,110,93,Gabba
Sat 23-Jul-2022,Western Bulldogs,Melbourne,110,100,Docklands
Sun 24-Jul-2022,Carlton,Greater Western Sydney,90,54,Docklands
Sun 24-Jul-2022,Collingwood,Essendon,80,76,M.C.G.
Sun 24-Jul-2022,West Coast,St Kilda,62,90,Perth Stadium
Fri 29-Jul-2022,Fremantle,Melbourne,39,85,Perth Stadium
Sat 30-Jul-2022,Collingwood,Port Adelaide,88,82,M.C.G.
Sat 30-Jul-2022,Sydney,Greater Western Sydney,112,39,S.C.G.
Sat 30-Jul-2022,St Kilda,Hawthorn,75,63,Docklands
Sat 30-Jul-2022,Geelong,Western Bulldogs,94,66,Kardinia Park
Sat 30-Jul-2022,Adelaide,Carlton,84,55,Adelaide Oval
Sun 31-Jul-2022,Gold Coast,West Coast,107,104,Carrara
Sun 31-Jul-2022,Richmond,Brisbane Lions,104,97,M.C.G.
Sun 31-Jul-2022,Essendon,North Melbourne,114,66,Docklands
Fri 05-Aug-2022,Melbourne,Collingwood,89,96,M.C.G.
Sat 06-Aug-2022,Hawthorn,Gold Coast,70,63,York Park
Sat 06-Aug-2022,Greater Western Sydney,Essendon,96,69,Sydney Showground
Sat 06-Aug-2022,Western Bulldogs,Fremantle,78,95,Docklands
Sat 06-Aug-2022,Geelong,St Kilda,110,65,Kardinia Park
Sat 06-Aug-2022,Port Adelaide,Richmond,71,109,Adelaide Oval
Sun 07-Aug-2022,North Melbourne,Sydney,88,126,Docklands
Sun 07-Aug-2022,Brisbane Lions,Carlton,114,81,Gabba
Sun 07-Aug-2022,West Coast,Adelaide,86,102,Perth Stadium
Fri 12-Aug-2022,St Kilda,Brisbane Lions,66,81,Docklands
Sat 13-Aug-2022,Western Bulldogs,Greater Western Sydney,62,57,Docklands
Sat 13-Aug-2022,Adelaide,North Melbourne,103,74,Adelaide Oval
Sat 13-Aug-2022,Gold Coast,Geelong,59,119,Carrara
Sat 13-Aug-2022,Melbourne,Carlton,79,74,M.C.G.
Sat 13-Aug-2022,Fremantle,West Coast,71,47,Perth Stadium
Sun 14-Aug-2022,Richmond,Hawthorn,128,67,M.C.G.
Sun 14-Aug-2022,Sydney,Collingwood,77,50,S.C.G.
Sun 14-Aug-2022,Essendon,Port Adelaide,62,146,Docklands
Fri 19-Aug-2022,Brisbane Lions,Melbourne,57,115,Gabba
Sat 20-Aug-2022,Greater Western Sydney,Fremantle,69,89,Manuka Oval
Sat 20-Aug-2022,North Melbourne,Gold Coast,47,114,Docklands
Sat 20-Aug-2022,Geelong,West Coast,131,46,Kardinia Park
Sat 20-Aug-2022,Essendon,Richmond,75,141,M.C.G.
Sat 20-Aug-2022,Port Adelaide,Adelaide,111,55,Adelaide Oval
Sun 21-Aug-2022,Hawthorn,Western Bulldogs,64,87,York Park
Sun 21-Aug-2022,Carlton,Collingwood,74,75,M.C.G.
Sun 21-Aug-2022,St Kilda,Sydney,74,88,Docklands
Thu 01-Sep-2022,Brisbane Lions,Richmond,106,104,Gabba
Fri 02-Sep-2022,Melbourne,Sydney,69,91,M.C.G.
Sat 03-Sep-2022,Geelong,Collingwood,78,72,M.C.G.
Sat 03-Sep-2022,Fremantle,Western Bulldogs,73,60,Perth Stadium
Fri 09-Sep-2022,Melbourne,Brisbane Lions,79,92,M.C.G.
Sat 10-Sep-2022,Collingwood,Fremantle,79,59,M.C.G.
Fri 16-Sep-2022,Geelong,Brisbane Lions,120,49,M.C.G.
Sat 17-Sep-2022,Sydney,Collingwood,95,94,S.C.G.
Sat 24-Sep-2022,Geelong,Sydney,133,52,M.C.G.
